{
   "id": "68c0f637b03b0985a0b050a6",
   "name": "MobileNetV2-ATSS OpenVINO FP16",
   "version": 2,
   "creation_date": "2025-09-10T03:53:27.844000+00:00",
   "model_format": "OpenVINO",
   "precision": [
      "FP16"
   ],
   "has_xai_head": false,
   "target_device": "CPU",
   "target_device_type": null,
   "performance": {
      "score": 0.9382716049382714
   },
   "size": 5735967,
   "latency": 0,
   "fps_throughput": 0,
   "optimization_type": "MO",
   "optimization_objectives": {},
   "model_status": "SUCCESS",
   "configurations": [],
   "lifecycle_stage": "active",
   "previous_revision_id": "68c0f637b03b0985a0b050a3",
   "previous_trained_revision_id": "68c0f637b03b0985a0b050a3",
   "optimization_methods": []
}